title,url,discounted_price,original_price
Transparent Anti Droplet Dust-proof Medical Face Shield Face Cover Mask HHI-581539,https://www.tinydeal.com/transparent-anti-droplet-dust-proof-medical-face-shield-face-cover-mask-p-200336.html,£2.22,£2.73 
10 x Transparent Anti Droplet Dust-proof Medical Face Shield Face Cover Mask KB-581546,https://www.tinydeal.com/10-x-transparent-anti-droplet-dust-proof-medical-face-shield-face-cover-mask-p-200338.html,£10.87,£19.35 
TWS F9 Bluetooth Earphone Touch Wireless Headphones 8D Stereo Sports Earbuds EEP-582910,https://www.tinydeal.com/tws-f9-bluetooth-earphone-touch-wireless-headphones-8d-stereo-sports-earbuds-p-200780.html,£9.49,£18.89 
Air Circulation Fan Mute Desktop Fans Atmosphere Ventilation Electric Fan HHI-581327,https://www.tinydeal.com/air-circulation-fan-mute-desktop-fans-atmosphere-ventilation-electric-fan-p-200717.html,£15.11,£27.19 
GM320 Infrared Thermometer Non-Contact Laser Gun IR Thermometer EDT-528767,https://www.tinydeal.com/gm320-infrared-thermometer-non-contact-laser-gun-ir-thermometer-p-165306.html,£13.35,£14.89 
Mini Airtight Sealer Machine for Plastic Bag - Assorted Color HLI-48626,https://www.tinydeal.com/mini-airtight-sealer-machine-for-plastic-bag-assorted-color-p-39392.html,£1.81,£4.60 
Silicone Nipple Cover Stickers Adhesive Bra Reusable Invisible Nipple Cover HHI-550767,https://www.tinydeal.com/silicone-nipple-cover-stickers-adhesive-bra-reusable-invisible-nipple-cover-p-175493.html,£1.57,£1.88 
Xiaomi Mijia iHealth Thermometer LED Non Contact Digital Infrared Forehead Body RTH-575855,https://www.tinydeal.com/xiaomi-mijia-ihealth-thermometer-led-non-contact-digital-infrared-forehead-body-p-200865.html,£22.49,£29.23 
Smart Bracelet Watch Fitness Bracelet Pedometer Heart Rate Monitor Waterproof E-583049,https://www.tinydeal.com/smart-bracelet-watch-fitness-bracelet-pedometer-heart-rate-monitor-waterproof-p-200803.html,£8.99,£11.69 
3 in 1 Cable Nylon-Coating Fast Charging 8Pin Type-C Micro-USB EPA-530685,https://www.tinydeal.com/3-in-1-cable-nylon-coating-fast-charging-8pin-type-micro-usb-p-165980.html,£1.99,£3.44 
IP67 P8 Smart Watch Wristband Men Women Monitor Smartwatch Tracker For Phone E-580457,https://www.tinydeal.com/ip67-p8-smart-watch-wristband-men-women-monitor-smartwatch-tracker-for-phone-p-200649.html,£14.73,£28.91 
1/2/5/10 pcs Snore Stopper Silicone Nose Clip Sleeping Device BKH-531636,https://www.tinydeal.com/12510-pcs-snore-stopper-silicone-nose-clip-sleeping-device-p-166268.html,£0.97,£2.91 
Portable Mini LCD Digital Tyre Tire Pressure Gauge Tester CTL-27481,https://www.tinydeal.com/portable-mini-lcd-digital-tyre-tire-pressure-gauge-tester-p-23322.html,£2.67,£3.09 
DUBERY Polarized Sunglasses Men's Driving Shades Male Sun Glasses S-580864,https://www.tinydeal.com/dubery-polarized-sunglasses-mens-driving-shades-male-sun-glasses-p-200630.html,£4.63,£11.96 
Light Controlled Square LED Wall Night Lamp Bedroom Night Light HLT-506114,https://www.tinydeal.com/light-controlled-square-led-wall-night-lamp-bedroom-night-light-p-158312.html,£1.82,£4.17 
1 Pair of Silicone Magnetic Losing Weight Toe Rings HBI-13397,https://www.tinydeal.com/1-pair-of-silicone-magnetic-losing-weight-toe-rings-p-12727.html,£0.84,£2.56 
DUBERY Vintage Sunglasses Polarized Men's Sun Glasses For Men S-580871,https://www.tinydeal.com/dubery-vintage-sunglasses-polarized-mens-sun-glasses-for-men-p-200631.html,£4.97,£6.46 
Teeth Whitening Pen Tooth Gel Whitener Bleach HBI-113105,https://www.tinydeal.com/teeth-whitening-pen-tooth-gel-whitener-bleach-p-66709.html,£1.68,£4.68 
Android Robot Shaped Micro USB to USB 2.0 Host OTG Adapter ECACR-487310,https://www.tinydeal.com/android-robot-shaped-micro-usb-to-usb-20-host-otg-adapter-p-157418.html,£0.82,£2.15 
5 LED Water Resistant USB Rechargeable LED Bike Tail Light RTH-555898,https://www.tinydeal.com/5-led-water-resistant-usb-rechargeable-led-bike-tail-light-p-177336.html,£2.32,£4.17 
Funlife 12pcs / set Green Crystal Three-dimensional Wall Stickers Mirror HHI-562368,https://www.tinydeal.com/funlife-12pcs-set-green-crystal-three-dimensional-wall-stickers-mirror-p-179148.html,£1.79,£5.40 
XIAOMI MIJIA Microhoo Mini Air Conditioner Fan Personal Portable USB Air Cooler HHIHE-582526,https://www.tinydeal.com/xiaomi-mijia-microhoo-mini-air-conditioner-fan-personal-portable-usb-air-cooler-p-200948.html,£47.75,£57.30 
0.25W Intelligent Cabinet Sensor Lights HHI-546845,https://www.tinydeal.com/025w-intelligent-cabinet-sensor-lights-p-174242.html,£1.54,£4.15 
Detachable Baseball Protective Clear Face mask Cap Anti-Splash Hat S-581830,https://www.tinydeal.com/detachable-baseball-protective-clear-face-mask-cap-anti-splash-hat-p-200362.html,£2.43,£2.93 
NAVIFORCE NF9161 Men's Watches Top Luxury Brand Analog Stainless Steel WWT-580848,https://www.tinydeal.com/naviforce-nf9161-mens-watches-top-luxury-brand-analog-stainless-steel-p-200814.html,£14.78,£26.60 
Xiaomi Mijia Mini Knife Sharpener Sharpening Suction Kitchen Sharpener Tool HKI-583060,https://www.tinydeal.com/xiaomi-mijia-mini-knife-sharpener-sharpening-suction-kitchen-sharpener-tool-p-200978.html,£9.16,£16.49 
Fsat Quick Charge 3.0 4.0 QC3.0 Fast Charging Tablet Wall Adapter HHITH-582324,https://www.tinydeal.com/fsat-quick-charge-30-40-qc30-fast-charging-tablet-wall-adapter-p-201049.html,£2.95,£5.30 
Mini Video Capture Card USB 2.0 HDMI Video Grabber Record Box for PS4 Game DVD HHIHE-583000,https://www.tinydeal.com/mini-video-capture-card-usb-20-hdmi-video-grabber-record-box-for-ps4-game-dvd-p-200736.html,£7.71,£17.11 
X96Q Android 10.0 TV Box Quad Core Allwinner H313 4K TV Box 1GB RAM 8GB ROM E-581779,https://www.tinydeal.com/x96q-android-100-tv-box-quad-core-allwinner-h313-4k-tv-box-1gb-ram-8gb-rom-p-201108.html,£22.29,£31.21 
T10 Bluetooth Headsets Wireless Earbuds 5.0 TWS Earphone EEP-581913,https://www.tinydeal.com/t10-bluetooth-headsets-wireless-earbuds-50-tws-earphone-p-200802.html,£10.51,£20.21 
S03 Smart Watch Waterproof Activity Tracker Smart Band Bracelet E-582866,https://www.tinydeal.com/s03-smart-watch-waterproof-activity-tracker-smart-band-bracelet-p-200781.html,£9.40,£18.89 
Multifunction USB 2.0 M2/ TF Card Reader w/ Lanyard CCR-85173,https://www.tinydeal.com/multifunction-usb-20-m2-tf-card-reader-w-lanyard-p-57252.html,£1.23,£1.32 
Baellerry Men Wallets PU Leather Solid Luxury Slim Short Credit Card Holder HHI-582256,https://www.tinydeal.com/baellerry-men-wallets-pu-leather-solid-luxury-slim-short-credit-card-holder-p-200737.html,£2.93,£16.12 
3.5mm Stereo Woven Fiber Cloth Line Headset EDT-556403,https://www.tinydeal.com/35mm-stereo-woven-fiber-cloth-line-headset-p-178024.html,£1.22,£3.86 
Car Paint Scratches Repair Pen Brush Waterproof Paint Marker Pen Car Maintain RTH-571469,https://www.tinydeal.com/car-paint-scratches-repair-pen-brush-waterproof-paint-marker-pen-car-maintain-p-182211.html,£1.25,£3.83 
Xiaomi Turok Steinhardt TS Brand Polarized Stainless Mirror Lenses Sunglasses S-582106,https://www.tinydeal.com/xiaomi-turok-steinhardt-ts-brand-polarized-stainless-mirror-lenses-sunglasses-p-200936.html,£15.90,£27.04 
DC 12V 45cm 45-SMD 1210 LED Flexible Waterproof Car Strip Light RLT-274929,https://www.tinydeal.com/dc-12v-45cm-45-smd-1210-led-flexible-waterproof-car-strip-light-p-118388.html,£1.01,£1.81 
8mm Intelligent Thermometer Temperature Measuring Ring HHI-566384,https://www.tinydeal.com/8mm-intelligent-thermometer-temperature-measuring-ring-p-181149.html,£1.18,£5.23 
Anti-droplets Hat Detachable Design Clear Facial Mask Outdoor Protector Sun Hat EEP-583095,https://www.tinydeal.com/anti-droplets-hat-detachable-design-clear-facial-mask-outdoor-protector-sun-hat-p-200783.html,£5.52,£8.71 
Hook Clip-on Rear Bike Seat Light Warning Lamp STH-548943,https://www.tinydeal.com/hook-clip-on-rear-bike-seat-light-warning-lamp-p-174917.html,£2.06,£11.42 
Universal 6'' Phone Lanyard Necklace & Wrist Strap Card Bag Holder w Lanyard HHITH-543753,https://www.tinydeal.com/universal-6-phone-lanyard-necklace-wrist-strap-card-bag-holder-w-lanyard-p-172964.html,£1.63,£2.43 
WLISTH S959 Men's Business Quartz Steel Band Sports Waterproof Watch WWT-580836,https://www.tinydeal.com/wlisth-s959-mens-business-quartz-steel-band-sports-waterproof-watch-p-200674.html,£9.86,£20.35 
Anti Snoring Belt Snore Stopper Chin Jaw Strap Sleep Improving Belt DTH-501605,https://www.tinydeal.com/anti-snoring-belt-snore-stopper-chin-jaw-strap-sleep-improving-belt-p-157945.html,£1.69,£3.03 
Neoprene Short Beach Socks Diving Socks Non-Slip Antiskid Scuba Dive Boots SGD-548443,https://www.tinydeal.com/neoprene-short-beach-socks-diving-socks-non-slip-antiskid-scuba-dive-boots-p-174657.html,£2.68,£2.99 
1/2 pcs Mini Camera SQ11 Night Vision FOV140 1080P DV Video Recorder ECM-533708,https://www.tinydeal.com/12-pcs-mini-camera-sq11-night-vision-fov140-1080p-dv-video-recorder-p-168604.html,£5.99,£9.58 
4 Pack Car Door Sill Protector Sticker 3D Carbon Fiber Pedals Guards Autoparts HHI-573062,https://www.tinydeal.com/4-pack-car-door-sill-protector-sticker-3d-carbon-fiber-pedals-guards-autoparts-p-182650.html,£1.94,£2.17 
90*30cm Ice Towel Instant Cooling Towel Heat Relief Reusable Chill Cool Towel HHI-549301,https://www.tinydeal.com/9030cm-ice-towel-instant-cooling-towel-heat-relief-reusable-chill-cool-towel-p-174936.html,£1.72,£2.07 
2PCs Wristbands Sport Sweatband Hand Band Sweat Wrist Support Brace Wrist Guards S-549945,https://www.tinydeal.com/2pcs-wristbands-sport-sweatband-hand-band-sweat-wrist-support-brace-wrist-guards-p-175242.html,£1.63,£2.93 
2in1 Electric Mosquito Swatter Dispeller /Mosquito Killer Lamp USB Charging HHIHE-582871,https://www.tinydeal.com/2in1-electric-mosquito-swatter-dispeller-mosquito-killer-lamp-usb-charging-p-200982.html,£21.84,£39.30 
Outdoor Lights Solar Powered LED Wall Lamp Porch Lights Sensor Motion Sensor HSI-582757,https://www.tinydeal.com/outdoor-lights-solar-powered-led-wall-lamp-porch-lights-sensor-motion-sensor-p-201016.html,£6.42,£11.56 
Waterproof Reusable Rain Shoes Covers Rubber Slip-Resistant Rain Boot Overshoes S-557900,https://www.tinydeal.com/waterproof-reusable-rain-shoes-covers-rubber-slip-resistant-rain-boot-overshoes-p-179875.html,£2.87,£5.40 
Bicycle Shorts Cycling Underwear Thick Silicone Cushion Cycling Biker Shorts SBK-583204,https://www.tinydeal.com/bicycle-shorts-cycling-underwear-thick-silicone-cushion-cycling-biker-shorts-p-200974.html,£8.28,£14.90 
QCY T4 TWS Wireless Headphones Mini HD Stereo Bluetooth Earphones EEP-581698,https://www.tinydeal.com/qcy-t4-tws-wireless-headphones-mini-hd-stereo-bluetooth-earphones-p-201113.html,£20.02,£30.03 
LS Mini WiFi FPV with 0.3MP/5.0/4KMP HD Camera Altitude Hold Mode Foldable Drone TRC-581956,https://www.tinydeal.com/ls-mini-wifi-fpv-with-03mp504kmp-hd-camera-altitude-hold-mode-foldable-drone-p-200954.html,£27.53,£35.78 
Stainless Steel Vacuum Sealed Red Wine Bottle Stopper Spout HKI-507455,https://www.tinydeal.com/stainless-steel-vacuum-sealed-red-wine-bottle-stopper-spout-p-158461.html,£2.04,£2.32 
Compression Socks for Man Woman STH-563907,https://www.tinydeal.com/compression-socks-for-man-woman-p-180225.html,£2.17,£5.08 
title,url,discounted_price,original_price
Transparent Anti Droplet Dust-proof Medical Face Shield Face Cover Mask HHI-581539,https://www.tinydeal.com/transparent-anti-droplet-dust-proof-medical-face-shield-face-cover-mask-p-200336.html,£2.22,£2.73 
10 x Transparent Anti Droplet Dust-proof Medical Face Shield Face Cover Mask KB-581546,https://www.tinydeal.com/10-x-transparent-anti-droplet-dust-proof-medical-face-shield-face-cover-mask-p-200338.html,£10.87,£19.35 
TWS F9 Bluetooth Earphone Touch Wireless Headphones 8D Stereo Sports Earbuds EEP-582910,https://www.tinydeal.com/tws-f9-bluetooth-earphone-touch-wireless-headphones-8d-stereo-sports-earbuds-p-200780.html,£9.49,£18.89 
Air Circulation Fan Mute Desktop Fans Atmosphere Ventilation Electric Fan HHI-581327,https://www.tinydeal.com/air-circulation-fan-mute-desktop-fans-atmosphere-ventilation-electric-fan-p-200717.html,£15.11,£27.19 
GM320 Infrared Thermometer Non-Contact Laser Gun IR Thermometer EDT-528767,https://www.tinydeal.com/gm320-infrared-thermometer-non-contact-laser-gun-ir-thermometer-p-165306.html,£13.35,£14.89 
Mini Airtight Sealer Machine for Plastic Bag - Assorted Color HLI-48626,https://www.tinydeal.com/mini-airtight-sealer-machine-for-plastic-bag-assorted-color-p-39392.html,£1.81,£4.60 
Silicone Nipple Cover Stickers Adhesive Bra Reusable Invisible Nipple Cover HHI-550767,https://www.tinydeal.com/silicone-nipple-cover-stickers-adhesive-bra-reusable-invisible-nipple-cover-p-175493.html,£1.57,£1.88 
Xiaomi Mijia iHealth Thermometer LED Non Contact Digital Infrared Forehead Body RTH-575855,https://www.tinydeal.com/xiaomi-mijia-ihealth-thermometer-led-non-contact-digital-infrared-forehead-body-p-200865.html,£22.49,£29.23 
Smart Bracelet Watch Fitness Bracelet Pedometer Heart Rate Monitor Waterproof E-583049,https://www.tinydeal.com/smart-bracelet-watch-fitness-bracelet-pedometer-heart-rate-monitor-waterproof-p-200803.html,£8.99,£11.69 
3 in 1 Cable Nylon-Coating Fast Charging 8Pin Type-C Micro-USB EPA-530685,https://www.tinydeal.com/3-in-1-cable-nylon-coating-fast-charging-8pin-type-micro-usb-p-165980.html,£1.99,£3.44 
IP67 P8 Smart Watch Wristband Men Women Monitor Smartwatch Tracker For Phone E-580457,https://www.tinydeal.com/ip67-p8-smart-watch-wristband-men-women-monitor-smartwatch-tracker-for-phone-p-200649.html,£14.73,£28.91 
1/2/5/10 pcs Snore Stopper Silicone Nose Clip Sleeping Device BKH-531636,https://www.tinydeal.com/12510-pcs-snore-stopper-silicone-nose-clip-sleeping-device-p-166268.html,£0.97,£2.91 
Portable Mini LCD Digital Tyre Tire Pressure Gauge Tester CTL-27481,https://www.tinydeal.com/portable-mini-lcd-digital-tyre-tire-pressure-gauge-tester-p-23322.html,£2.67,£3.09 
DUBERY Polarized Sunglasses Men's Driving Shades Male Sun Glasses S-580864,https://www.tinydeal.com/dubery-polarized-sunglasses-mens-driving-shades-male-sun-glasses-p-200630.html,£4.63,£11.96 
Light Controlled Square LED Wall Night Lamp Bedroom Night Light HLT-506114,https://www.tinydeal.com/light-controlled-square-led-wall-night-lamp-bedroom-night-light-p-158312.html,£1.82,£4.17 
1 Pair of Silicone Magnetic Losing Weight Toe Rings HBI-13397,https://www.tinydeal.com/1-pair-of-silicone-magnetic-losing-weight-toe-rings-p-12727.html,£0.84,£2.56 
DUBERY Vintage Sunglasses Polarized Men's Sun Glasses For Men S-580871,https://www.tinydeal.com/dubery-vintage-sunglasses-polarized-mens-sun-glasses-for-men-p-200631.html,£4.97,£6.46 
Teeth Whitening Pen Tooth Gel Whitener Bleach HBI-113105,https://www.tinydeal.com/teeth-whitening-pen-tooth-gel-whitener-bleach-p-66709.html,£1.68,£4.68 
Android Robot Shaped Micro USB to USB 2.0 Host OTG Adapter ECACR-487310,https://www.tinydeal.com/android-robot-shaped-micro-usb-to-usb-20-host-otg-adapter-p-157418.html,£0.82,£2.15 
5 LED Water Resistant USB Rechargeable LED Bike Tail Light RTH-555898,https://www.tinydeal.com/5-led-water-resistant-usb-rechargeable-led-bike-tail-light-p-177336.html,£2.32,£4.17 
Funlife 12pcs / set Green Crystal Three-dimensional Wall Stickers Mirror HHI-562368,https://www.tinydeal.com/funlife-12pcs-set-green-crystal-three-dimensional-wall-stickers-mirror-p-179148.html,£1.79,£5.40 
XIAOMI MIJIA Microhoo Mini Air Conditioner Fan Personal Portable USB Air Cooler HHIHE-582526,https://www.tinydeal.com/xiaomi-mijia-microhoo-mini-air-conditioner-fan-personal-portable-usb-air-cooler-p-200948.html,£47.75,£57.30 
0.25W Intelligent Cabinet Sensor Lights HHI-546845,https://www.tinydeal.com/025w-intelligent-cabinet-sensor-lights-p-174242.html,£1.54,£4.15 
Detachable Baseball Protective Clear Face mask Cap Anti-Splash Hat S-581830,https://www.tinydeal.com/detachable-baseball-protective-clear-face-mask-cap-anti-splash-hat-p-200362.html,£2.43,£2.93 
NAVIFORCE NF9161 Men's Watches Top Luxury Brand Analog Stainless Steel WWT-580848,https://www.tinydeal.com/naviforce-nf9161-mens-watches-top-luxury-brand-analog-stainless-steel-p-200814.html,£14.78,£26.60 
Xiaomi Mijia Mini Knife Sharpener Sharpening Suction Kitchen Sharpener Tool HKI-583060,https://www.tinydeal.com/xiaomi-mijia-mini-knife-sharpener-sharpening-suction-kitchen-sharpener-tool-p-200978.html,£9.16,£16.49 
Fsat Quick Charge 3.0 4.0 QC3.0 Fast Charging Tablet Wall Adapter HHITH-582324,https://www.tinydeal.com/fsat-quick-charge-30-40-qc30-fast-charging-tablet-wall-adapter-p-201049.html,£2.95,£5.30 
Mini Video Capture Card USB 2.0 HDMI Video Grabber Record Box for PS4 Game DVD HHIHE-583000,https://www.tinydeal.com/mini-video-capture-card-usb-20-hdmi-video-grabber-record-box-for-ps4-game-dvd-p-200736.html,£7.71,£17.11 
X96Q Android 10.0 TV Box Quad Core Allwinner H313 4K TV Box 1GB RAM 8GB ROM E-581779,https://www.tinydeal.com/x96q-android-100-tv-box-quad-core-allwinner-h313-4k-tv-box-1gb-ram-8gb-rom-p-201108.html,£22.29,£31.21 
T10 Bluetooth Headsets Wireless Earbuds 5.0 TWS Earphone EEP-581913,https://www.tinydeal.com/t10-bluetooth-headsets-wireless-earbuds-50-tws-earphone-p-200802.html,£10.51,£20.21 
S03 Smart Watch Waterproof Activity Tracker Smart Band Bracelet E-582866,https://www.tinydeal.com/s03-smart-watch-waterproof-activity-tracker-smart-band-bracelet-p-200781.html,£9.40,£18.89 
Multifunction USB 2.0 M2/ TF Card Reader w/ Lanyard CCR-85173,https://www.tinydeal.com/multifunction-usb-20-m2-tf-card-reader-w-lanyard-p-57252.html,£1.23,£1.32 
Baellerry Men Wallets PU Leather Solid Luxury Slim Short Credit Card Holder HHI-582256,https://www.tinydeal.com/baellerry-men-wallets-pu-leather-solid-luxury-slim-short-credit-card-holder-p-200737.html,£2.93,£16.12 
3.5mm Stereo Woven Fiber Cloth Line Headset EDT-556403,https://www.tinydeal.com/35mm-stereo-woven-fiber-cloth-line-headset-p-178024.html,£1.22,£3.86 
Car Paint Scratches Repair Pen Brush Waterproof Paint Marker Pen Car Maintain RTH-571469,https://www.tinydeal.com/car-paint-scratches-repair-pen-brush-waterproof-paint-marker-pen-car-maintain-p-182211.html,£1.25,£3.83 
Xiaomi Turok Steinhardt TS Brand Polarized Stainless Mirror Lenses Sunglasses S-582106,https://www.tinydeal.com/xiaomi-turok-steinhardt-ts-brand-polarized-stainless-mirror-lenses-sunglasses-p-200936.html,£15.90,£27.04 
DC 12V 45cm 45-SMD 1210 LED Flexible Waterproof Car Strip Light RLT-274929,https://www.tinydeal.com/dc-12v-45cm-45-smd-1210-led-flexible-waterproof-car-strip-light-p-118388.html,£1.01,£1.81 
8mm Intelligent Thermometer Temperature Measuring Ring HHI-566384,https://www.tinydeal.com/8mm-intelligent-thermometer-temperature-measuring-ring-p-181149.html,£1.18,£5.23 
Anti-droplets Hat Detachable Design Clear Facial Mask Outdoor Protector Sun Hat EEP-583095,https://www.tinydeal.com/anti-droplets-hat-detachable-design-clear-facial-mask-outdoor-protector-sun-hat-p-200783.html,£5.52,£8.71 
Hook Clip-on Rear Bike Seat Light Warning Lamp STH-548943,https://www.tinydeal.com/hook-clip-on-rear-bike-seat-light-warning-lamp-p-174917.html,£2.06,£11.42 
Universal 6'' Phone Lanyard Necklace & Wrist Strap Card Bag Holder w Lanyard HHITH-543753,https://www.tinydeal.com/universal-6-phone-lanyard-necklace-wrist-strap-card-bag-holder-w-lanyard-p-172964.html,£1.63,£2.43 
WLISTH S959 Men's Business Quartz Steel Band Sports Waterproof Watch WWT-580836,https://www.tinydeal.com/wlisth-s959-mens-business-quartz-steel-band-sports-waterproof-watch-p-200674.html,£9.86,£20.35 
Anti Snoring Belt Snore Stopper Chin Jaw Strap Sleep Improving Belt DTH-501605,https://www.tinydeal.com/anti-snoring-belt-snore-stopper-chin-jaw-strap-sleep-improving-belt-p-157945.html,£1.69,£3.03 
Neoprene Short Beach Socks Diving Socks Non-Slip Antiskid Scuba Dive Boots SGD-548443,https://www.tinydeal.com/neoprene-short-beach-socks-diving-socks-non-slip-antiskid-scuba-dive-boots-p-174657.html,£2.68,£2.99 
1/2 pcs Mini Camera SQ11 Night Vision FOV140 1080P DV Video Recorder ECM-533708,https://www.tinydeal.com/12-pcs-mini-camera-sq11-night-vision-fov140-1080p-dv-video-recorder-p-168604.html,£5.99,£9.58 
4 Pack Car Door Sill Protector Sticker 3D Carbon Fiber Pedals Guards Autoparts HHI-573062,https://www.tinydeal.com/4-pack-car-door-sill-protector-sticker-3d-carbon-fiber-pedals-guards-autoparts-p-182650.html,£1.94,£2.17 
90*30cm Ice Towel Instant Cooling Towel Heat Relief Reusable Chill Cool Towel HHI-549301,https://www.tinydeal.com/9030cm-ice-towel-instant-cooling-towel-heat-relief-reusable-chill-cool-towel-p-174936.html,£1.72,£2.07 
2PCs Wristbands Sport Sweatband Hand Band Sweat Wrist Support Brace Wrist Guards S-549945,https://www.tinydeal.com/2pcs-wristbands-sport-sweatband-hand-band-sweat-wrist-support-brace-wrist-guards-p-175242.html,£1.63,£2.93 
2in1 Electric Mosquito Swatter Dispeller /Mosquito Killer Lamp USB Charging HHIHE-582871,https://www.tinydeal.com/2in1-electric-mosquito-swatter-dispeller-mosquito-killer-lamp-usb-charging-p-200982.html,£21.84,£39.30 
Outdoor Lights Solar Powered LED Wall Lamp Porch Lights Sensor Motion Sensor HSI-582757,https://www.tinydeal.com/outdoor-lights-solar-powered-led-wall-lamp-porch-lights-sensor-motion-sensor-p-201016.html,£6.42,£11.56 
Waterproof Reusable Rain Shoes Covers Rubber Slip-Resistant Rain Boot Overshoes S-557900,https://www.tinydeal.com/waterproof-reusable-rain-shoes-covers-rubber-slip-resistant-rain-boot-overshoes-p-179875.html,£2.87,£5.40 
Bicycle Shorts Cycling Underwear Thick Silicone Cushion Cycling Biker Shorts SBK-583204,https://www.tinydeal.com/bicycle-shorts-cycling-underwear-thick-silicone-cushion-cycling-biker-shorts-p-200974.html,£8.28,£14.90 
QCY T4 TWS Wireless Headphones Mini HD Stereo Bluetooth Earphones EEP-581698,https://www.tinydeal.com/qcy-t4-tws-wireless-headphones-mini-hd-stereo-bluetooth-earphones-p-201113.html,£20.02,£30.03 
LS Mini WiFi FPV with 0.3MP/5.0/4KMP HD Camera Altitude Hold Mode Foldable Drone TRC-581956,https://www.tinydeal.com/ls-mini-wifi-fpv-with-03mp504kmp-hd-camera-altitude-hold-mode-foldable-drone-p-200954.html,£27.53,£35.78 
Stainless Steel Vacuum Sealed Red Wine Bottle Stopper Spout HKI-507455,https://www.tinydeal.com/stainless-steel-vacuum-sealed-red-wine-bottle-stopper-spout-p-158461.html,£2.04,£2.32 
Compression Socks for Man Woman STH-563907,https://www.tinydeal.com/compression-socks-for-man-woman-p-180225.html,£2.17,£5.08 
